id,title,videoid,video_secret,download_size,website_url,activate,order,is_free,created_at,updated_at,subject_type_id
,,875879616,,,,,,,,,
,,875172731,,,,,,,,,
,,875199133,,,,,,,,,
,,875974579,,,,,,,,,
,,875970203,,,,,,,,,
,,876649959,,,,,,,,,
,,876843379,,,,,,,,,
,,876999010,,,,,,,,,
,,877133745,,,,,,,,,
,,877479299,,,,,,,,,
,,877865005,,,,,,,,,
,,877893562,,,,,,,,,
,,878272197,,,,,,,,,
,,879281737,,,,,,,,,
,,879114624,,,,,,,,,
,,879147864,,,,,,,,,
,,879153088,,,,,,,,,
,,879749548,,,,,,,,,
,,880154016,,,,,,,,,
,,880485870,,,,,,,,,
,,880889616,,,,,,,,,
,,881160392,,,,,,,,,
,,881179512,,,,,,,,,
,,881378823,,,,,,,,,
,,881398522,,,,,,,,,
,,882040327,,,,,,,,,
,,882069156,,,,,,,,,
,,882447605,,,,,,,,,
,,882889259,,,,,,,,,
,,883276524,,,,,,,,,
,,883530194,,,,,,,,,
,,883695716,,,,,,,,,
,,883710867,,,,,,,,,
,,884350323,,,,,,,,,
,,884386564,,,,,,,,,
,,884809168,,,,,,,,,
,,885204349,,,,,,,,,
,,885653928,,,,,,,,,
,,885920232,,,,,,,,,
,,886101229,,,,,,,,,
,,886854054,,,,,,,,,
,,886822393,,,,,,,,,
,,887645392,,,,,,,,,
,,887663008,,,,,,,,,
,,888414880,,,,,,,,,
,,888421812,,,,,,,,,
,,723081041,,,,,,,,,
,,737124147,,,,,,,,,
,,731778531,,,,,,,,,
,,733169253,,,,,,,,,
,,734658643,,,,,,,,,
,,734815893,,,,,,,,,
,,735126029,,,,,,,,,
,,736099708,,,,,,,,,
,,883199457,,,,,,,,,
,,883180074,,,,,,,,,
,,883219044,,,,,,,,,
,,886092826,,,,,,,,,
,,886355650,,,,,,,,,
,,888363621,,,,,,,,,
,,888381239,,,,,,,,,
,,888393465,,,,,,,,,
,,888414880,,,,,,,,,
,,888009161,,,,,,,,,
,,874515357,,,,,,,,,
,,876843379,,,,,,,,,
,,879153088,,,,,,,,,
,,888378957,,,,,,,,,
